SEQUENCE_ID,SEQUENCE_TEMPLATE,SEQUENCE_TARGET
CLocus_2924,tgcagccagccaagcacgcagtgtctcccgtgggtcatccagcccctcccacgcgcacaagtacctcctctaagatcttctcccgtctcctatgagaagtggtgcttttactcttaggaccgcgttcactgtggcaggcattgcggtctacagtgggctgaatggtggccaccg,"54,1"
CLocus_14708,tgcagccattagcaaaagaagggtatgtcttattgattgctatagctaagagccatgctgataaatacaaagttgacatttataaggcgttatgccttgagctgtacagacattcactacgagggacacagggaacaagatccccg,"103,1"
CLocus_15533,tgcaggcaaggctgcccttagagcattccagaaagatgagtgtcttgtgtctttgacaatattgccacgtgaggtgatttctgaatttagcagttctcttacccactggacagtaggtggtaggagaggccgagatcggaa,"69,1"
CLocus_18591,tgcagcaggctgggcgcctccctcacccccgcccgtgtaacccgacttgggaggtttgcttaaaccctaaggtgcgtgtcctgacttgggctgtctcgtggcacgatgcgtcagcaccgacgtggggcatctccgcgagtctcccggct,"50,1"
CLocus_20144,tgcagccgtggaggcaaggggctggccatggctgctgaaagcacctccctgcaaacactgccaccaggaaaggacagaactccagctctggtgcagaggggtccgacccaagtggagcaacagggactccgagatcggaag,"28,1"
CLocus_21374,tgcagaagaactggcgtaccacgccccccaagccctggctccctgccagtgtgattatgaccaagtcacaaagaccttttgtttccaggtttgttctccaaagaacatacaatcttggcagcctggaacagaccgagatcg,"116,1"
CLocus_32331,tgcaggtgtttgaccagacacgtcttgcctgccttgttcgatcatgaccttgaaggtgggactcgggacatcaggacccgccaatgtggtggtctttctcatctctacccatctcgccgagatcggaagagcggttcagca,"106,1"
CLocus_36758,tgcagctccattgtccccttacgaagcagcgtgcaaacgagcttggggcagctcgtagctttaggttttccccatggcacagacacgtgtcctactggtctttctcctcttctcagaacctccgagatcggaagagcggtt,"85,1"
CLocus_39625,tgcagctggcgaggagagggcagggcctggctgcgggctccagaggacagggtgcccgtgtggttaggggcggtgagccgaagccgacgctcgggggccgctcccgagatcggaagagcggttcagcaggaatgccgagac,"89,1"
CLocus_43101,tgcaggctgactttggcctcacacacacaggtctgtttgagcagtgttagcccagaggaaagcccagctggagggcgcaggacaccaggggggacgctgtcactcgaagagctccaggtagtccgagatcggaagagcggt,"96,1"
CLocus_43937,tgcagggcaggcgaagggagggcacaaaggacaatgggacaggaatgcacttctgcatttaggagtgtgtacatgtacgtgtgtatgcacccttgtatatgtgcttgctaaatcgtgcagcccgtgccgagatcggaagag,"101,1"
CLocus_44575,tgcagcaacgtcccagggaccatgacgccagggctacatcgggccacaagccattgctacgtgaacataaaacaactaaaaatgtgccacctctcagttttgggaggaaaacttcctagggccgccgagcaccatcccgag,"40,1"
CLocus_47204,tgcagggacaagatgcatgtgcagcgttgaacaatcaggatcttttcccatctggaaaagaaaaactagaaaacctcattccaaacagtgcccgtgacctgggccagcccgagtggtcttccgagatcggaagagcggttc,"94,1"
CLocus_50537,tgcaggtggatggtctcccacaaaggggtcctcagtgctctcatgaaggggaaagacagccccagcccttctaacactctctaccccaggagccgagaggggagaggtgaggtcacacaccgagatcggaagagcggttca,"74,1"
CLocus_53493,tgcagcctcctggtctgctcctccagcctgcaaggcaggggcatggtcctgggcacctggcaccgccagcttgcttcagccccttccttcccatctacctgagctaagcccaacctgacgctctggaccgcctgccgagat,"73,1"
CLocus_57854,tgcagtggtggtgctgtctggggcccacagggggcacagctggccgtactggtccatcctgggttgcccagagtcttgggggacacttctggtcaagcactggacatacctagcagccactttgctgccttgtggaagccacaccg,"32,1"
CLocus_58830,tgcaggctcagctcctgtggggtcagccctccaccctctggccactgagcttgccagcccccctacaacccactggtgagaggagctctggctgtggccctctcccgagatcggaagagcggttcagcaggaatgccgaga,"38,1"
CLocus_60214,tgcagggggaggccgttaccctaagcacagaactccgctctctgctgtgtctttctgacaacagccgtgttgtcggccgtagcctcctcactgcggtcacgtgtagactggaaatggagctccgagatcggaagagcggtt,"75,1"
CLocus_60272,tgcagtcgaagtagaagcccagggagaggtaggtgttggaggcccgcaggtgcatgttgactaggcagttgacggaggcctccacctcggtggagtaattctggcgaacctgacagctcatggttggttggcaacagggagctaagctcaaaaaccg,"136,1"
CLocus_63059,tgcagctcggcaccgcccacccacgctgagtcagcccgtgggggaggcgcccctcaaggcaggaaagaccccaggaccacagagaccaggcggccgcagtgcctccccgtgtgggcagtggccccagggcacggagggaaggagccg,"141,1"
CLocus_65071,tgcagaagggtgtgggcagggctggctctaggggtggctgtgtgtcccccatgtgacagttgtgacaggtcagggctgtgagcatgttcctggctgaggacaggggaggcccgagatcggaagagcggttcagcaggaatg,"29,1"
CLocus_66432,tgcagagatgccccaggatcccgtctgtgatcctggcgtcctgcatccccaggaatcagtgtgaacttgtctcctcgggagccccaaacggggtgggatgggaaagggcagccaccccgctccgagatcggaagagcggtt,"49,1"
CLocus_67793,tgcagaggtacaggcagatgggctctggtccccagcaacggggattgttccacggtgacaccaagagctgtgtgaacaggtgggcctgcccgtctcatgtcatccctctcaggattgtgtccaccccgagatcggaagagc,"100,1"
CLocus_76323,tgcagcaggggacctgcatggggccacgtgcctcggggttctatctggagggggatttccactgtagtcccaagggcagagcgagggagccccgcacaccgagatcggaagagcggttcagcaggaatgccgagaccgatc,"39,1"
CLocus_76926,tgcaggtgggaggcggtccctggttgtctggtacttggccctgggccgtgggatgggggcagagtccctggctgaagagggacccacccatgaagggggtgcgtgagtgtgggctccgagatcggaagagcggttcagcag,"37,1"
CLocus_81645,tgcagccccagggtagcaggtgaattggaactgagggtctgagaggaaggaaagaaatcggaacactagtgagtaatccaggagagggatggagaggcacgacacaggagcagtggggggaagggagccgagatcggaaga,"112,1"
CLocus_84226,tgcaggcattcttacaagcctcttcatggcttggagctggacttcaggtctgctggagtagctctgcatgacctctgcgggggagaggacagcgtggggaggagcctcccgagggccgagatcggaagagcggttcagcag,"91,1"
CLocus_97717,tgcagtcaggcgactctcaaccctcggctcacttccctccaggactcttaactccgacaggcccgcaggccccttttcgcttaccgtcaccaggacgcagtgcaggtccgagatcggaagagcggttcagcaggaatgccg,"59,1"
CLocus_97812,tgcagacctggttgctgagtcagacgagactgggcagccacaacagggaggtagtggccgcagagagcaagcagatttttaaccattggggcatttcgtatcctagcttgacgccaagtctgtcacatcctctggggagtctctgtcaccg,"47,1"
CLocus_99094,tgcagcgatcctgcgaagacgtatgtgcttaaggcagctacactcgatcgaagaatctagctccctgtggtggtggccacacgtcaggggctctacggccgcacagggaggagcagctgccacgcaggcccgagatcggaa,"101,1"
CLocus_100085,tgcagtcctgtcccgcctggtattctgccgcatgaactcaagttgcctggtcctccttggactctcagttccatctcctcgtctcaggaagactgaggcactccacccgcgtcccgagatcggaagagcggttcagcagga,"105,1"
CLocus_106844,tgcagtttctgagtgaccacaactgtattccaccctactctcctctctcttcttttgtctgctctaagtcaaccttgtcctgagccccttcgtcaccaggcatcacatctcactggccacagccgagatcggaagagcggt,"116,1"
CLocus_108791,tgcaggaaacggggatcctttgggtcctggtggaatcacgctgagggcggtcacactgtgaaaacgcatcagtcttttctgtttgttgttggatcactactgaatgtgacgcactcgttacccgagatcggaagagcggtt,"88,17"
CLocus_111654,tgcaggtgaccactgggatggtggctaggagtgcgtactgcctgtgggaggttgagctgttcagcagagtttgcagaaggggagtctgtgtgttccgagatcggaagagcggttcagcaggaatgccgagaccgatctggg,"139,1"
CLocus_114709,tgcagactaagagcagcctgtgccgcagaagggaaagacctaacccagcaggagtccttggtgagaaattcagggaagcaagggtaggagcggggtgggggaagggatcagaactcgagataggtgaaggataccgagatc,"83,1"
CLocus_117268,tgcagcctgaggcttggaggggagcgtgggccttctgctgctgggacagatggcggggagtagcagcccaggtgctgggaatggatgtgggagacggcccgctggacaggctggtggcttcctcgccctggggccgctcaagccgccg,"41,1"
CLocus_118628,tgcaggtggctttcaggcaggcagcccacgccccccaccaaatgtcgtaatgtgaggtcagatcccaggcacaagtgcatagatggaaacatggtgtggaacgccacatatccccagggctccgagatcggaagagcggttc,"84,1"
CLocus_119083,tgcaggccacttggggccctgctcgttcctgctgtgatgctgagagccccaaagctggagcacagatctgcaacatcatctcctctccgcaaacctgggcgtgctcccgaaagccccatgctgatgggggccgagatcgga,"106,1"
CLocus_125509,tgcaggcacacgccaccatcatgtccgagatccaggacctgaagaactacttcatcaacaccgcagcctcggtgagcgcgggacagaactcagagccgctgggtggggggcaccttgccgagatcggaagagcggttcagc,"77,1"
CLocus_129304,tgcagtctcctcctgctttgtgatctggaacagtgggcccaggcactgtgcccatagtgcaggtctccacagcacttgggggcagtacctgctgtggtcaggtccctggactcccgagatcggaagagcggttcagcagga,"31,1"
CLocus_132682,tgcagcccatttctcaccgcacagttaccaggctctctgcacacaggagtgccgaagtttgggtccccccaacactgaggagactctgggactgggacccagctccgagatcggaagagcggttcagcaggaatgccgaga,"50,4"
CLocus_134251,tgcagaggaagtaagacgaggaacggcttattttacctccctcactgcgcacgaggaacacgaagacgtgaggggtttggaatcacggcctgaggtgtaagtgcgtatcagtcaggaaatcgtgtcacgcggcggtcgctcggctcaggaccgg,"106,1"
CLocus_217476,tgcagcaccccaacatcgtccgcttctatgactcgtggaagtcagtgctgaggggccaggtttgcatcgtgctggtgaccgaactcatgacctccgagatcggaagagcggttcagcaggaatgccgagaccgatctggggg,"138,1"
CLocus_450237,tgcagccacctccatcccagcgtggaagggccgagtgggcaaggtggccagtaccagggagccacgcagaagacgcagacgagaccagtgtgggatcagaaggtcccgagatcggaagagcggttcagcaggaatgccgag,"89,1"
CLocus_2129,tgcagcatcccccgtgctgccaggcagagcccagagagcagcgagcagcctgaggaacctcagcccagtgaatgcctgagggaggctgtgtctgctgacccctgagacagacaccgagatcggaagagcggttcagcagga,"73,2"
CLocus_5328,tgcagggaagacggaagcagatggaaggagctggagacccccgaccagcctgtcctctgctctgtgtctctatccctcagcatgtcactatgtggtttttgtacagttccgagatcggaagagcggttcagcaggaatgccg,"32,5"
CLocus_30476,tgcagagaagcagcatcacgtgcctctcccgcggcgaggaaagggggatttgtgctggatgactgttcgcatatgaccgtgtctgcgctcatacacgtgttcacgcggaggaacagctgccgagatcggaagagcggttca,"71,45"
CLocus_50723,tgcagttccttcctgccctagtcattcactccccgatgcgtacacgtatgcgttgcgtgtttctgtaggagagactgctctaggagctctaggagcagggaggagagaattcgggcactgtcctgacccaccagctcctccggctccgtgcttctaggcgtcccagccgcttctctctgcccg,"84,2"
CLocus_80854,tgcagaataaaggcaacaacgacacctacctcaagggttctgtgggtacaagacgaagtggatctgcgaagcatttgcagggctcaagaaggagtcttggttaagtccttcctcgggctctgtccccgctggtccctcttcatccg,"63,64"
CLocus_98829,tgcagggcacgtggggcctcctgcttctagggagtgatgctcacactgcctttcagcaacattggcctctctgtgtcaccactcggtcacctttataaatccagaccaggcagcaacctcacctagttccgagatcggaag,"57,70"
CLocus_108068,tgcagcagtttgcaaggagagcgccaggcaaacccttgaaccgcgggaccctgtgtctggcggagcttgcgagtcacgacccgaggcccacggtcacgctggggccctaaggaccgagatcggaagagcggttcagcagga,"54,2"
CLocus_131820,tgcaggtggatgggaccaaacagcacaggattctagcatgcttcgtggagaagatgggccagccatgggaggttgaagagagaggttgaggccagattctgatctcagcgtgccgagatcggaagagcggttcagcaggaa,"26,2"
CLocus_430655,tgcaggacttcaaggagggcaatgccatctttaccttcccaaatacccctgtaaaatgtgctggagtgccccagaagatcatgtatttgtcagaagcctatttccgagatcggaagagcggttcagcaggaatgccgagac,"67,2"
CLocus_447524,tgcagggcacgcgtggatcccgttggcgggagctgggcgagggcaatggggagtgaccgcttgatgggtacagagtgtcctttcggggtggactgtcctggcatgatgggcaggtgtccgagatcggaagagcggttcagc,"63,3"
CLocus_32218,tgcagacagagagcctctctctggagcaacactcaggcaagcttacccgtcattgttaagacagaggttcctgggtacctcggtggctcggttggttaagccactgcctttggctcaggtcgtgatcccgagatcggaagag,"40,51"
CLocus_40202,tgcagtgtggtaatgtcacacacctcccccgcttacaagaacatgtgggattccatcagtctctaatctcaggattctggtgttttgggctggactcacatcgctccacgggagcaaatgacgttggtcatgtgagaactggtaccccctgtgctcccg,"35,76"
CLocus_54292,tgcaggcagagggagaagcaggctcctcactgagcagggagtccaacacagggctcaatcccagtcccccagtaccatgacctgagctgaaggcagacaattaactgactgagccaccccgagatcggaagagcggttcag,"26,95"
CLocus_60518,tgcaggaattcagagtgagtataggaaaaaaggtggctgaaggaggtagaacgtcactgagaaccatcaattagaatgacatttaagggcgccagggtggctcagtccttaagcatctgccttcagctcaggtcatgatgccg,"28,1"
CLocus_74898,tgcagactgggacccacccaccagctccttggccatcagccaggcgaggactggcaacttgacttcactcacatgcctcaacacaaaaccttcagatacctgctaactctcgtggacaccttcaccgagatcggaagagcg,"54,1"
CLocus_131237,tgcaggttccttcctgaaaagtgtgcagcgaagtctggtttgtgatgacatcccaggaaagagggacaggtgcagcattctgccctagcacaggaggatgccgagatcggaagagcggttcagcaggaatgccgagaccgat,"29,10"